{"cameraMode":{"drawMode":0,"name":"Shaded","section":"Shading Mode"},"sceneLighting":false,"audioPlay":false,"sceneViewState":{"showFog":true,"showMaterialUpdate":true,"showSkybox":false,"showFlares":true,"showImageEffects":true,"showParticleSystems":true},"in2DMode":false,"pivot":{"x":-0.10505479574203491,"y":0.021816730499267579,"z":0.29881545901298525},"rotation":{"x":0.16310067474842072,"y":-0.0812968760728836,"z":0.013487694784998894,"w":0.9831602573394775},"size":0.6138145327568054,"orthographic":true}